{"cameraMode":{"drawMode":0,"name":"Shaded","section":"Shading Mode"},"sceneLighting":true,"audioPlay":false,"sceneViewState":{"m_AlwaysRefresh":false,"showFog":true,"showSkybox":true,"showFlares":true,"showImageEffects":true,"showParticleSystems":true,"showVisualEffectGraphs":true,"m_FxEnabled":true},"in2DMode":false,"pivot":{"x":-2.157578229904175,"y":-1.7776612043380738,"z":36.07533645629883},"rotation":{"x":-0.10063444823026657,"y":-0.003882997203618288,"z":0.0003953120030928403,"w":-0.9948813915252686},"size":28.2886905670166,"orthographic":false}